Designator,Footprint,Quantity,Value,LCSC Part #
BT1,JST_PH_S2B-PH-K_1x02_P2.00mm_Horizontal,1,Battery_Cell,
BZ1,BUZ-TH_BD24.3-P15.00_PKB24SPCH3601-B0,1,Buzzer,C440255
C1,C0603,1,1μF,C15849
"C10, C3",CAP-SMD_BD8.0-L8.3-W8.3-FD,2,470μF,C3341
"C2, C4, C6, C8",C1206,4,10μF,C13585
"C5, C7, C9",C0603,3,0.1μF,C14663
"D1, D2",LED_D5.0mm-3,2,LED_Dual_KAK,
J1,PinSocket_1x07_P2.54mm_Vertical,1,E220-900T22S(JP),
Q1,SOT-23-6,1,FS8205A,C2830320
Q3,SOT-23-3,1,Q_NMOS_GSD,C20917
"R1, R2, R7",R0603,3,10K,C25804
R10,R0603,1,4.7K,C23162
"R11, R12, R16",R0603,3,100K,C25803
"R13, R15",R0603,2,100,C22775
"R14, R8, R9",R0603,3,1K,C21190
"R3, R4",R0603,2,330,C23138
"R5, R6",R0603,2,5.1K,C23186
SW1,SW_PUSH-12mm,1,SOS_Button,
SW2,SW-TH_TS665TPZJ,1,Common_Button,C557600
SW3,SW_PUSH_6mm,1,Reset_Button,C97440
U1,Texas_DRT-3,1,TPD2EUSB30A,C94934
U2,ESP32-C3-WROOM-02,1,ESP32-C3-WROOM-02,C2934560
U3,SOIC-8-1EP_3.9x4.9mm_P1.27mm_EP2.41x3.3mm_ThermalVias,1,TP4056-42-ESOP8,C16581
U5,SOT-23-5,1,AP2112K-3.3,C23380830
U6,SOT-23-6,1,DW01A,C351410
U7,PinSocket_1x04_P2.54mm_Vertical,1,SSD1306_OLED,
USB1,USB-C-SMD_TYPE-C-16PIN-2MD-073,1,TYPE-C 16PIN 2MD,C2765186
