Designator,Mid X,Mid Y,Rotation,Layer
C1,199.8,-89.3,270.0,top
C10,158.53,-131.7,180.0,top
C2,182.2,-131.1,90.0,top
C3,195.6,-98.1,0.0,top
C4,192.2,-103.7,180.0,top
C5,193.5,-106.4,180.0,top
C6,172.8,-131.0,90.0,top
C7,177.6,-117.6,180.0,top
C8,164.5,-118.1,0.0,top
C9,165.3,-125.8,270.0,top
H1,198.4,-139.5,0.0,top
H2,156.2,-139.5,0.0,top
H3,156.2,-67.3,0.0,top
H4,198.4,-67.3,0.0,top
Q1,172.9,-125.0,0.0,top
Q3,155.4,-94.8,90.0,top
R1,167.5,-99.7,0.0,top
R10,177.7,-124.1,0.0,top
R11,177.6,-121.8,0.0,top
R12,177.6,-119.2,180.0,top
R13,163.5,-125.9,90.0,top
R14,169.6,-122.0,0.0,top
R15,159.1,-93.6,180.0,top
R16,159.15,-91.7,0.0,top
R2,162.0,-83.3,90.0,top
R3,166.1,-68.7,0.0,top
R4,162.0,-76.1,0.0,top
R5,190.0,-131.1,90.0,top
R6,186.7,-131.1,90.0,top
R7,194.4,-89.5,0.0,top
R8,178.3,-136.3,90.0,top
R9,178.3,-139.4,270.0,top
SW2,155.875,-78.4,0.0,top
SW3,196.55,-83.55,0.0,top
U1,188.15,-133.725,180.0,top
U2,188.3,-117.3,270.0,top
U3,177.1,-131.1,180.0,top
U5,160.5,-123.6,270.0,top
U6,168.5375,-124.95,0.0,top
USB1,188.2,-139.12,0.0,top
